Workbook

Sheet Summary
A1: 💰 Annual Summary
A2: Spending by month and category — totals pull live from each month tab
A3: Month | B3: 🍽️ Eating Out | C3: 🍻 Drinking | D3: 🛍️ Shopping (want) | E3: 🛒 Shopping (need) | F3: 🥦 Groceries | G3: ✈️ Travel - Flights & Hotel | H3: 🍜 Travel - Eat & Drink | I3: Month Total
A4: Jan 2026 | B4: ='Jan 2026'!C54 | C4: ='Jan 2026'!F54 | D4: ='Jan 2026'!I54 | E4: ='Jan 2026'!L54 | F4: ='Jan 2026'!O54 | G4: ='Jan 2026'!R54 | H4: ='Jan 2026'!U54 | I4: ='Jan 2026'!U55
A5: Feb 2026 | B5: ='Feb 2026'!C54 | C5: ='Feb 2026'!F54 | D5: ='Feb 2026'!I54 | E5: ='Feb 2026'!L54 | F5: ='Feb 2026'!O54 | G5: ='Feb 2026'!R54 | H5: ='Feb 2026'!U54 | I5: ='Feb 2026'!U55
A6: Mar 2026 | B6: ='Mar 2026'!C54 | C6: ='Mar 2026'!F54 | D6: ='Mar 2026'!I54 | E6: ='Mar 2026'!L54 | F6: ='Mar 2026'!O54 | G6: ='Mar 2026'!R54 | H6: ='Mar 2026'!U54 | I6: ='Mar 2026'!U55
A7: Apr 2026 | B7: ='Apr 2026'!C54 | C7: ='Apr 2026'!F54 | D7: ='Apr 2026'!I54 | E7: ='Apr 2026'!L54 | F7: ='Apr 2026'!O54 | G7: ='Apr 2026'!R54 | H7: ='Apr 2026'!U54 | I7: ='Apr 2026'!U55
A8: May 2026 | B8: ='May 2026'!C54 | C8: ='May 2026'!F54 | D8: ='May 2026'!I54 | E8: ='May 2026'!L54 | F8: ='May 2026'!O54 | G8: ='May 2026'!R54 | H8: ='May 2026'!U54 | I8: ='May 2026'!U55
A9: Jun 2026 | B9: ='Jun 2026'!C54 | C9: ='Jun 2026'!F54 | D9: ='Jun 2026'!I54 | E9: ='Jun 2026'!L54 | F9: ='Jun 2026'!O54 | G9: ='Jun 2026'!R54 | H9: ='Jun 2026'!U54 | I9: ='Jun 2026'!U55
A10: Jul 2026 | B10: ='Jul 2026'!C54 | C10: ='Jul 2026'!F54 | D10: ='Jul 2026'!I54 | E10: ='Jul 2026'!L54 | F10: ='Jul 2026'!O54 | G10: ='Jul 2026'!R54 | H10: ='Jul 2026'!U54 | I10: ='Jul 2026'!U55
A11: Aug 2026 | B11: ='Aug 2026'!C54 | C11: ='Aug 2026'!F54 | D11: ='Aug 2026'!I54 | E11: ='Aug 2026'!L54 | F11: ='Aug 2026'!O54 | G11: ='Aug 2026'!R54 | H11: ='Aug 2026'!U54 | I11: ='Aug 2026'!U55
A12: Sep 2026 | B12: ='Sep 2026'!C54 | C12: ='Sep 2026'!F54 | D12: ='Sep 2026'!I54 | E12: ='Sep 2026'!L54 | F12: ='Sep 2026'!O54 | G12: ='Sep 2026'!R54 | H12: ='Sep 2026'!U54 | I12: ='Sep 2026'!U55
A13: Oct 2026 | B13: ='Oct 2026'!C54 | C13: ='Oct 2026'!F54 | D13: ='Oct 2026'!I54 | E13: ='Oct 2026'!L54 | F13: ='Oct 2026'!O54 | G13: ='Oct 2026'!R54 | H13: ='Oct 2026'!U54 | I13: ='Oct 2026'!U55
A14: Nov 2026 | B14: ='Nov 2026'!C54 | C14: ='Nov 2026'!F54 | D14: ='Nov 2026'!I54 | E14: ='Nov 2026'!L54 | F14: ='Nov 2026'!O54 | G14: ='Nov 2026'!R54 | H14: ='Nov 2026'!U54 | I14: ='Nov 2026'!U55
A15: Dec 2026 | B15: ='Dec 2026'!C54 | C15: ='Dec 2026'!F54 | D15: ='Dec 2026'!I54 | E15: ='Dec 2026'!L54 | F15: ='Dec 2026'!O54 | G15: ='Dec 2026'!R54 | H15: ='Dec 2026'!U54 | I15: ='Dec 2026'!U55
A16: ANNUAL | B16: =SUM(B4:B15) | C16: =SUM(C4:C15) | D16: =SUM(D4:D15) | E16: =SUM(E4:E15) | F16: =SUM(F4:F15) | G16: =SUM(G4:G15) | H16: =SUM(H4:H15) | I16: =SUM(I4:I15)

Sheet Jan 2026
A1: 💰 Jan 2026 — Expense Log
A2: 🍽️ Eating Out | D2: 🍻 Drinking | G2: 🛍️ Shopping (want) | J2: 🛒 Shopping (need) | M2: 🥦 Groceries | P2: ✈️ Travel - Flights & Hotel | S2: 🍜 Travel - Eat & Drink
A3: Date | B3: Description | C3: Amount | D3: Date | E3: Description | F3: Amount | G3: Date | H3: Description | I3: Amount | J3: Date | K3: Description | L3: Amount | M3: Date | N3: Description | O3: Amount | P3: Date | Q3: Description | R3: Amount | S3: Date | T3: Description | U3: Amount
B54: TOTAL | C54: =SUM(C4:C53) | E54: TOTAL | F54: =SUM(F4:F53) | H54: TOTAL | I54: =SUM(I4:I53) | K54: TOTAL | L54: =SUM(L4:L53) | N54: TOTAL | O54: =SUM(O4:O53) | Q54: TOTAL | R54: =SUM(R4:R53) | T54: TOTAL | U54: =SUM(U4:U53)
A55: MONTH TOTAL | U55: =C54+F54+I54+L54+O54+R54+U54

Sheet Feb 2026
A1: 💰 Feb 2026 — Expense Log
A2: 🍽️ Eating Out | D2: 🍻 Drinking | G2: 🛍️ Shopping (want) | J2: 🛒 Shopping (need) | M2: 🥦 Groceries | P2: ✈️ Travel - Flights & Hotel | S2: 🍜 Travel - Eat & Drink
A3: Date | B3: Description | C3: Amount | D3: Date | E3: Description | F3: Amount | G3: Date | H3: Description | I3: Amount | J3: Date | K3: Description | L3: Amount | M3: Date | N3: Description | O3: Amount | P3: Date | Q3: Description | R3: Amount | S3: Date | T3: Description | U3: Amount
B54: TOTAL | C54: =SUM(C4:C53) | E54: TOTAL | F54: =SUM(F4:F53) | H54: TOTAL | I54: =SUM(I4:I53) | K54: TOTAL | L54: =SUM(L4:L53) | N54: TOTAL | O54: =SUM(O4:O53) | Q54: TOTAL | R54: =SUM(R4:R53) | T54: TOTAL | U54: =SUM(U4:U53)
A55: MONTH TOTAL | U55: =C54+F54+I54+L54+O54+R54+U54

Sheet Mar 2026
A1: 💰 Mar 2026 — Expense Log
A2: 🍽️ Eating Out | D2: 🍻 Drinking | G2: 🛍️ Shopping (want) | J2: 🛒 Shopping (need) | M2: 🥦 Groceries | P2: ✈️ Travel - Flights & Hotel | S2: 🍜 Travel - Eat & Drink
A3: Date | B3: Description | C3: Amount | D3: Date | E3: Description | F3: Amount | G3: Date | H3: Description | I3: Amount | J3: Date | K3: Description | L3: Amount | M3: Date | N3: Description | O3: Amount | P3: Date | Q3: Description | R3: Amount | S3: Date | T3: Description | U3: Amount
B54: TOTAL | C54: =SUM(C4:C53) | E54: TOTAL | F54: =SUM(F4:F53) | H54: TOTAL | I54: =SUM(I4:I53) | K54: TOTAL | L54: =SUM(L4:L53) | N54: TOTAL | O54: =SUM(O4:O53) | Q54: TOTAL | R54: =SUM(R4:R53) | T54: TOTAL | U54: =SUM(U4:U53)
A55: MONTH TOTAL | U55: =C54+F54+I54+L54+O54+R54+U54

Sheet Apr 2026
A1: 💰 Apr 2026 — Expense Log
A2: 🍽️ Eating Out | D2: 🍻 Drinking | G2: 🛍️ Shopping (want) | J2: 🛒 Shopping (need) | M2: 🥦 Groceries | P2: ✈️ Travel - Flights & Hotel | S2: 🍜 Travel - Eat & Drink
A3: Date | B3: Description | C3: Amount | D3: Date | E3: Description | F3: Amount | G3: Date | H3: Description | I3: Amount | J3: Date | K3: Description | L3: Amount | M3: Date | N3: Description | O3: Amount | P3: Date | Q3: Description | R3: Amount | S3: Date | T3: Description | U3: Amount
B54: TOTAL | C54: =SUM(C4:C53) | E54: TOTAL | F54: =SUM(F4:F53) | H54: TOTAL | I54: =SUM(I4:I53) | K54: TOTAL | L54: =SUM(L4:L53) | N54: TOTAL | O54: =SUM(O4:O53) | Q54: TOTAL | R54: =SUM(R4:R53) | T54: TOTAL | U54: =SUM(U4:U53)
A55: MONTH TOTAL | U55: =C54+F54+I54+L54+O54+R54+U54

Sheet May 2026
A1: 💰 May 2026 — Expense Log
A2: 🍽️ Eating Out | D2: 🍻 Drinking | G2: 🛍️ Shopping (want) | J2: 🛒 Shopping (need) | M2: 🥦 Groceries | P2: ✈️ Travel - Flights & Hotel | S2: 🍜 Travel - Eat & Drink
A3: Date | B3: Description | C3: Amount | D3: Date | E3: Description | F3: Amount | G3: Date | H3: Description | I3: Amount | J3: Date | K3: Description | L3: Amount | M3: Date | N3: Description | O3: Amount | P3: Date | Q3: Description | R3: Amount | S3: Date | T3: Description | U3: Amount
B54: TOTAL | C54: =SUM(C4:C53) | E54: TOTAL | F54: =SUM(F4:F53) | H54: TOTAL | I54: =SUM(I4:I53) | K54: TOTAL | L54: =SUM(L4:L53) | N54: TOTAL | O54: =SUM(O4:O53) | Q54: TOTAL | R54: =SUM(R4:R53) | T54: TOTAL | U54: =SUM(U4:U53)
A55: MONTH TOTAL | U55: =C54+F54+I54+L54+O54+R54+U54

Sheet Jun 2026
A1: 💰 Jun 2026 — Expense Log
A2: 🍽️ Eating Out | D2: 🍻 Drinking | G2: 🛍️ Shopping (want) | J2: 🛒 Shopping (need) | M2: 🥦 Groceries | P2: ✈️ Travel - Flights & Hotel | S2: 🍜 Travel - Eat & Drink
A3: Date | B3: Description | C3: Amount | D3: Date | E3: Description | F3: Amount | G3: Date | H3: Description | I3: Amount | J3: Date | K3: Description | L3: Amount | M3: Date | N3: Description | O3: Amount | P3: Date | Q3: Description | R3: Amount | S3: Date | T3: Description | U3: Amount
B54: TOTAL | C54: =SUM(C4:C53) | E54: TOTAL | F54: =SUM(F4:F53) | H54: TOTAL | I54: =SUM(I4:I53) | K54: TOTAL | L54: =SUM(L4:L53) | N54: TOTAL | O54: =SUM(O4:O53) | Q54: TOTAL | R54: =SUM(R4:R53) | T54: TOTAL | U54: =SUM(U4:U53)
A55: MONTH TOTAL | U55: =C54+F54+I54+L54+O54+R54+U54

Sheet Jul 2026
A1: 💰 Jul 2026 — Expense Log
A2: 🍽️ Eating Out | D2: 🍻 Drinking | G2: 🛍️ Shopping (want) | J2: 🛒 Shopping (need) | M2: 🥦 Groceries | P2: ✈️ Travel - Flights & Hotel | S2: 🍜 Travel - Eat & Drink
A3: Date | B3: Description | C3: Amount | D3: Date | E3: Description | F3: Amount | G3: Date | H3: Description | I3: Amount | J3: Date | K3: Description | L3: Amount | M3: Date | N3: Description | O3: Amount | P3: Date | Q3: Description | R3: Amount | S3: Date | T3: Description | U3: Amount
B54: TOTAL | C54: =SUM(C4:C53) | E54: TOTAL | F54: =SUM(F4:F53) | H54: TOTAL | I54: =SUM(I4:I53) | K54: TOTAL | L54: =SUM(L4:L53) | N54: TOTAL | O54: =SUM(O4:O53) | Q54: TOTAL | R54: =SUM(R4:R53) | T54: TOTAL | U54: =SUM(U4:U53)
A55: MONTH TOTAL | U55: =C54+F54+I54+L54+O54+R54+U54

Sheet Aug 2026
A1: 💰 Aug 2026 — Expense Log
A2: 🍽️ Eating Out | D2: 🍻 Drinking | G2: 🛍️ Shopping (want) | J2: 🛒 Shopping (need) | M2: 🥦 Groceries | P2: ✈️ Travel - Flights & Hotel | S2: 🍜 Travel - Eat & Drink
A3: Date | B3: Description | C3: Amount | D3: Date | E3: Description | F3: Amount | G3: Date | H3: Description | I3: Amount | J3: Date | K3: Description | L3: Amount | M3: Date | N3: Description | O3: Amount | P3: Date | Q3: Description | R3: Amount | S3: Date | T3: Description | U3: Amount
B54: TOTAL | C54: =SUM(C4:C53) | E54: TOTAL | F54: =SUM(F4:F53) | H54: TOTAL | I54: =SUM(I4:I53) | K54: TOTAL | L54: =SUM(L4:L53) | N54: TOTAL | O54: =SUM(O4:O53) | Q54: TOTAL | R54: =SUM(R4:R53) | T54: TOTAL | U54: =SUM(U4:U53)
A55: MONTH TOTAL | U55: =C54+F54+I54+L54+O54+R54+U54

Sheet Sep 2026
A1: 💰 Sep 2026 — Expense Log
A2: 🍽️ Eating Out | D2: 🍻 Drinking | G2: 🛍️ Shopping (want) | J2: 🛒 Shopping (need) | M2: 🥦 Groceries | P2: ✈️ Travel - Flights & Hotel | S2: 🍜 Travel - Eat & Drink
A3: Date | B3: Description | C3: Amount | D3: Date | E3: Description | F3: Amount | G3: Date | H3: Description | I3: Amount | J3: Date | K3: Description | L3: Amount | M3: Date | N3: Description | O3: Amount | P3: Date | Q3: Description | R3: Amount | S3: Date | T3: Description | U3: Amount
B54: TOTAL | C54: =SUM(C4:C53) | E54: TOTAL | F54: =SUM(F4:F53) | H54: TOTAL | I54: =SUM(I4:I53) | K54: TOTAL | L54: =SUM(L4:L53) | N54: TOTAL | O54: =SUM(O4:O53) | Q54: TOTAL | R54: =SUM(R4:R53) | T54: TOTAL | U54: =SUM(U4:U53)
A55: MONTH TOTAL | U55: =C54+F54+I54+L54+O54+R54+U54

Sheet Oct 2026
A1: 💰 Oct 2026 — Expense Log
A2: 🍽️ Eating Out | D2: 🍻 Drinking | G2: 🛍️ Shopping (want) | J2: 🛒 Shopping (need) | M2: 🥦 Groceries | P2: ✈️ Travel - Flights & Hotel | S2: 🍜 Travel - Eat & Drink
A3: Date | B3: Description | C3: Amount | D3: Date | E3: Description | F3: Amount | G3: Date | H3: Description | I3: Amount | J3: Date | K3: Description | L3: Amount | M3: Date | N3: Description | O3: Amount | P3: Date | Q3: Description | R3: Amount | S3: Date | T3: Description | U3: Amount
B54: TOTAL | C54: =SUM(C4:C53) | E54: TOTAL | F54: =SUM(F4:F53) | H54: TOTAL | I54: =SUM(I4:I53) | K54: TOTAL | L54: =SUM(L4:L53) | N54: TOTAL | O54: =SUM(O4:O53) | Q54: TOTAL | R54: =SUM(R4:R53) | T54: TOTAL | U54: =SUM(U4:U53)
A55: MONTH TOTAL | U55: =C54+F54+I54+L54+O54+R54+U54

Sheet Nov 2026
A1: 💰 Nov 2026 — Expense Log
A2: 🍽️ Eating Out | D2: 🍻 Drinking | G2: 🛍️ Shopping (want) | J2: 🛒 Shopping (need) | M2: 🥦 Groceries | P2: ✈️ Travel - Flights & Hotel | S2: 🍜 Travel - Eat & Drink
A3: Date | B3: Description | C3: Amount | D3: Date | E3: Description | F3: Amount | G3: Date | H3: Description | I3: Amount | J3: Date | K3: Description | L3: Amount | M3: Date | N3: Description | O3: Amount | P3: Date | Q3: Description | R3: Amount | S3: Date | T3: Description | U3: Amount
B54: TOTAL | C54: =SUM(C4:C53) | E54: TOTAL | F54: =SUM(F4:F53) | H54: TOTAL | I54: =SUM(I4:I53) | K54: TOTAL | L54: =SUM(L4:L53) | N54: TOTAL | O54: =SUM(O4:O53) | Q54: TOTAL | R54: =SUM(R4:R53) | T54: TOTAL | U54: =SUM(U4:U53)
A55: MONTH TOTAL | U55: =C54+F54+I54+L54+O54+R54+U54

Sheet Dec 2026
A1: 💰 Dec 2026 — Expense Log
A2: 🍽️ Eating Out | D2: 🍻 Drinking | G2: 🛍️ Shopping (want) | J2: 🛒 Shopping (need) | M2: 🥦 Groceries | P2: ✈️ Travel - Flights & Hotel | S2: 🍜 Travel - Eat & Drink
A3: Date | B3: Description | C3: Amount | D3: Date | E3: Description | F3: Amount | G3: Date | H3: Description | I3: Amount | J3: Date | K3: Description | L3: Amount | M3: Date | N3: Description | O3: Amount | P3: Date | Q3: Description | R3: Amount | S3: Date | T3: Description | U3: Amount
B54: TOTAL | C54: =SUM(C4:C53) | E54: TOTAL | F54: =SUM(F4:F53) | H54: TOTAL | I54: =SUM(I4:I53) | K54: TOTAL | L54: =SUM(L4:L53) | N54: TOTAL | O54: =SUM(O4:O53) | Q54: TOTAL | R54: =SUM(R4:R53) | T54: TOTAL | U54: =SUM(U4:U53)
A55: MONTH TOTAL | U55: =C54+F54+I54+L54+O54+R54+U54

Sheet VBA Setup
A1: ⚡ Enable Auto-Date (one-time setup)
A3: WINDOWS
A4: Step 1 → Press Alt + F11 to open the Visual Basic Editor
A5: Step 2 → In the left panel, double-click 'ThisWorkbook'
A6: Step 3 → Copy ALL the code below and paste it
A7: Step 4 → Ctrl + S (save as .xlsm if prompted) → close VBA editor ✅
A9: MAC
A10: Step 1 → Tools > Macros > Edit Macros
A11: Step 2 → Double-click 'ThisWorkbook' in the left panel
A12: Step 3 → Copy ALL the code below, paste, save ✅
A14: ⚠️ Click 'Enable Macros' when opening the file.
A16: ━━━ PASTE THIS CODE ━━━━━━━━━━━━━━━━━━━━━━━━━━━━━━━━━━━━━━━━━━━━━
... A53: End Sub
